-- DOLBOMI reference seed — GENERATED by scripts/gen-supabase-seed.mjs. Do not edit by hand.
-- Run after 0001_init.sql. Safe to re-run (truncates reference tables first).

truncate quest_pool, benefits, subquests, milestones, opportunities, titles, stat_defs restart identity cascade;

-- stat definitions (per-stat target + new-account starting value)
insert into stat_defs (key, mil, en, real, tgt, base, ord) values ('body', '전투력', 'BODY', '체력·건강', 80, 20, 0);
insert into stat_defs (key, mil, en, real, tgt, base, ord) values ('mind', '정신력', 'MIND', '멘탈·집중', 75, 18, 1);
insert into stat_defs (key, mil, en, real, tgt, base, ord) values ('money', '자산력', 'MONEY', '자산·금융', 70, 12, 2);
insert into stat_defs (key, mil, en, real, tgt, base, ord) values ('craft', '숙련도', 'CRAFT', '기술·자격', 90, 22, 3);
insert into stat_defs (key, mil, en, real, tgt, base, ord) values ('people', '지휘력', 'PEOPLE', '리더십·소통', 65, 14, 4);
insert into stat_defs (key, mil, en, real, tgt, base, ord) values ('edge', '담력', 'EDGE', '용기·도전', 60, 8, 5);

-- opportunity catalog
insert into opportunities (id, cat, stat, title, hot, sub, what, eligibility, apply_where, source, verified, cost, deadline, unlock_dday, started, reward, why, expected_pct, status, img, ord) values ('startup', '대회', 'edge', '육군창업경진대회', true, 'K-스타트업 전국 본선 연계 · 2~5인 팀', '육군이 여는 창업 경진대회. 본선 수상하면 포상휴가에 상금, 창업멘토링캠프까지.', '육군 (장교·부사관·병) · 2~5인 팀 (단독 불가)', 'army-startup.co.kr', '육군본부 · army-startup.co.kr', '2026.05', '무료', '2026-07-25', null, true, '{"kind":"휴가","finish":"+2~5일","maxDays":5,"label":"본선 수상 포상휴가 2~5일 + 상금","note":"부대 내규 · 본선 수상자 기준"}'::jsonb, '입상 = 포상휴가. 네 아이디어로 휴가 따자.', 38, 'tight', 'https://images.unsplash.com/photo-1542744173-8e7e53415bb0?w=720&h=420&fit=crop&q=72', 0);
insert into milestones (opp_id, id, title, date_label, ord) values ('startup', 'm1', '아이디어 확정', '~D-40', 0);
insert into subquests (opp_id, id, milestone_id, text, size, xp, stat, default_done, service, ord) values ('startup', 's1', 'm1', '아이디어 한 줄로 정리', 'S', 15, 'edge', true, null, 0);
insert into subquests (opp_id, id, milestone_id, text, size, xp, stat, default_done, service, ord) values ('startup', 's2', 'm1', '비슷한 서비스 3개 시장조사', 'M', 38, 'edge', true, null, 1);
insert into milestones (opp_id, id, title, date_label, ord) values ('startup', 'm2', '팀 + 사업모델', '~D-25', 1);
insert into subquests (opp_id, id, milestone_id, text, size, xp, stat, default_done, service, ord) values ('startup', 's3', 'm2', '팀원 1~4명 모으기', 'M', 38, 'people', false, null, 0);
insert into subquests (opp_id, id, milestone_id, text, size, xp, stat, default_done, service, ord) values ('startup', 's4', 'm2', '사업모델 한 장(BMC) 작성', 'L', 90, 'edge', false, null, 1);
insert into milestones (opp_id, id, title, date_label, ord) values ('startup', 'm3', '제출', '~D-10', 2);
insert into subquests (opp_id, id, milestone_id, text, size, xp, stat, default_done, service, ord) values ('startup', 's5', 'm3', '5분 발표영상 촬영', 'L', 90, 'edge', false, null, 0);
insert into subquests (opp_id, id, milestone_id, text, size, xp, stat, default_done, service, ord) values ('startup', 's6', 'm3', '유튜브 업로드 + 예선 접수', 'M', 38, 'edge', false, '{"name":"army-startup.co.kr","kind":"접수","gov":true}'::jsonb, 1);
insert into subquests (opp_id, id, milestone_id, text, size, xp, stat, default_done, service, ord) values ('startup', 's7', 'm3', '본선 Q&A 리허설', 'M', 38, 'people', false, null, 2);
insert into opportunities (id, cat, stat, title, hot, sub, what, eligibility, apply_where, source, verified, cost, deadline, unlock_dday, started, reward, why, expected_pct, status, img, ord) values ('jeongcheo', '자격증', 'craft', '정보처리산업기사', true, '국방부 위탁 무료검정 · 응시료 0원', '군이 직접 여는 무료 국가기술자격 검정. 필기·실기 모두 부대 안에서.', '육·해·공·해병·국직·카투사·상근 현역', '국방부 위탁검정 · Q-Net', 'korea.kr · 위탁검정 안내', '2026.04', '무료 (위탁검정)', '2026-06-22', null, true, '{"kind":"cert","finish":"자격증","label":"국가기술자격 + 포상휴가 보통 2~5일","note":"포상휴가는 부대 내규"}'::jsonb, '응시료 0원, 자격증은 평생 간다. 필기 임박.', 60, 'tight', 'https://images.unsplash.com/photo-1498050108023-c5249f4df085?w=720&h=420&fit=crop&q=72', 1);
insert into milestones (opp_id, id, title, date_label, ord) values ('jeongcheo', 'm1', '필기', 'D-12', 0);
insert into subquests (opp_id, id, milestone_id, text, size, xp, stat, default_done, service, ord) values ('jeongcheo', 's1', 'm1', '종목·시험일 D-day 등록', 'S', 15, 'craft', true, null, 0);
insert into subquests (opp_id, id, milestone_id, text, size, xp, stat, default_done, service, ord) values ('jeongcheo', 's2', 'm1', '소프트웨어설계 기출 1회분', 'M', 38, 'craft', true, null, 1);
insert into subquests (opp_id, id, milestone_id, text, size, xp, stat, default_done, service, ord) values ('jeongcheo', 's3', 'm1', '데이터베이스 기출 1회분', 'M', 38, 'craft', true, null, 2);
insert into subquests (opp_id, id, milestone_id, text, size, xp, stat, default_done, service, ord) values ('jeongcheo', 's4', 'm1', '프로그래밍언어 기출 1회분', 'M', 38, 'craft', false, null, 3);
insert into subquests (opp_id, id, milestone_id, text, size, xp, stat, default_done, service, ord) values ('jeongcheo', 's5', 'm1', '필기 응시', 'L', 90, 'craft', false, null, 4);
insert into milestones (opp_id, id, title, date_label, ord) values ('jeongcheo', 'm2', '실기', 'D-48', 1);
insert into subquests (opp_id, id, milestone_id, text, size, xp, stat, default_done, service, ord) values ('jeongcheo', 's6', 'm2', '실기 환경 세팅', 'M', 38, 'craft', false, null, 0);
insert into subquests (opp_id, id, milestone_id, text, size, xp, stat, default_done, service, ord) values ('jeongcheo', 's7', 'm2', '실기 기출 2회분', 'L', 90, 'craft', false, null, 1);
insert into subquests (opp_id, id, milestone_id, text, size, xp, stat, default_done, service, ord) values ('jeongcheo', 's8', 'm2', '실기 응시', 'L', 90, 'craft', false, null, 2);
insert into milestones (opp_id, id, title, date_label, ord) values ('jeongcheo', 'm3', '마무리', 'D-55', 2);
insert into subquests (opp_id, id, milestone_id, text, size, xp, stat, default_done, service, ord) values ('jeongcheo', 's9', 'm3', '합격 확인 + 포상휴가 신청', 'S', 15, 'craft', false, null, 0);
insert into opportunities (id, cat, stat, title, hot, sub, what, eligibility, apply_where, source, verified, cost, deadline, unlock_dday, started, reward, why, expected_pct, status, img, ord) values ('toeic', '어학', 'craft', 'TOEIC 900', false, '취업 필수 스펙 · 응시료 자기개발비', '이력서의 기본기. 매일 30분이면 전역 전에 충분히 만든다.', '전 군 공통', 'TOEIC 접수 · 학습 앱 제휴', 'ETS · 자기개발비 안내', '2026.03', '응시료 자기개발비 대상', '2026-07-15', null, true, '{"kind":"휴가","finish":"+4~5일","maxDays":5,"label":"포상휴가 4~5일(부대 내규) + 취업 스펙","note":"어학 포상휴가는 부대별 상이"}'::jsonb, '하루 30분이면 900 가능. 페이스 좋아.', 42, 'on', 'https://images.unsplash.com/photo-1513258496099-48168024aec0?w=720&h=420&fit=crop&q=72', 2);
insert into milestones (opp_id, id, title, date_label, ord) values ('toeic', 'm1', '진단 + 루틴', '~D-30', 0);
insert into subquests (opp_id, id, milestone_id, text, size, xp, stat, default_done, service, ord) values ('toeic', 's1', 'm1', '모의고사로 현재 점수 진단', 'M', 38, 'craft', true, null, 0);
insert into subquests (opp_id, id, milestone_id, text, size, xp, stat, default_done, service, ord) values ('toeic', 's2', 'm1', 'LC Part 2 30분', 'M', 38, 'craft', true, '{"name":"산타토익","kind":"학습","gov":false}'::jsonb, 1);
insert into subquests (opp_id, id, milestone_id, text, size, xp, stat, default_done, service, ord) values ('toeic', 's3', 'm1', 'RC Part 5 문법 30분', 'M', 38, 'craft', false, '{"name":"산타토익","kind":"학습","gov":false}'::jsonb, 2);
insert into milestones (opp_id, id, title, date_label, ord) values ('toeic', 'm2', '실전', '~D-10', 1);
insert into subquests (opp_id, id, milestone_id, text, size, xp, stat, default_done, service, ord) values ('toeic', 's4', 'm2', '실전 모의고사 1회', 'L', 90, 'craft', false, null, 0);
insert into subquests (opp_id, id, milestone_id, text, size, xp, stat, default_done, service, ord) values ('toeic', 's5', 'm2', '오답 노트 정리', 'M', 38, 'craft', false, null, 1);
insert into milestones (opp_id, id, title, date_label, ord) values ('toeic', 'm3', '응시', 'D-35', 2);
insert into subquests (opp_id, id, milestone_id, text, size, xp, stat, default_done, service, ord) values ('toeic', 's6', 'm3', '응시 접수 (자기개발비)', 'S', 15, 'craft', false, '{"name":"나라사랑포털","kind":"환급","gov":true}'::jsonb, 0);
insert into opportunities (id, cat, stat, title, hot, sub, what, eligibility, apply_where, source, verified, cost, deadline, unlock_dday, started, reward, why, expected_pct, status, img, ord) values ('hanguksa', '자격증', 'mind', '한국사능력검정 1급', false, '공무원·공기업 가산점 · 문과 친화', '공무원·공기업 채용 가산점에 바로 쓰이는 국가 시험.', '전 군 공통', '국사편찬위원회', 'historyexam.go.kr', '2026.04', '응시료 자기개발비 대상', '2026-06-30', null, true, '{"kind":"휴가","finish":"+2박3일","maxDays":3,"label":"포상휴가 흔히 2박3일 + 채용 가산점","note":"부대 내규"}'::jsonb, '기출이 밀렸다. 페이스 끌어올려야 함.', 55, 'risk', 'https://images.unsplash.com/photo-1481627834876-b7833e8f5570?w=720&h=420&fit=crop&q=72', 3);
insert into milestones (opp_id, id, title, date_label, ord) values ('hanguksa', 'm1', '개념', '~D-14', 0);
insert into subquests (opp_id, id, milestone_id, text, size, xp, stat, default_done, service, ord) values ('hanguksa', 's1', 'm1', '기본서 전근대 1회독', 'L', 90, 'mind', true, null, 0);
insert into subquests (opp_id, id, milestone_id, text, size, xp, stat, default_done, service, ord) values ('hanguksa', 's2', 'm1', '기본서 근현대 1회독', 'L', 90, 'mind', false, null, 1);
insert into milestones (opp_id, id, title, date_label, ord) values ('hanguksa', 'm2', '기출', '~D-5', 1);
insert into subquests (opp_id, id, milestone_id, text, size, xp, stat, default_done, service, ord) values ('hanguksa', 's3', 'm2', '기출 1회분', 'M', 38, 'mind', false, null, 0);
insert into subquests (opp_id, id, milestone_id, text, size, xp, stat, default_done, service, ord) values ('hanguksa', 's4', 'm2', '기출 2회분', 'M', 38, 'mind', false, null, 1);
insert into subquests (opp_id, id, milestone_id, text, size, xp, stat, default_done, service, ord) values ('hanguksa', 's5', 'm2', '기출 3회분', 'M', 38, 'mind', false, null, 2);
insert into milestones (opp_id, id, title, date_label, ord) values ('hanguksa', 'm3', '응시', 'D-20', 2);
insert into subquests (opp_id, id, milestone_id, text, size, xp, stat, default_done, service, ord) values ('hanguksa', 's6', 'm3', '시험 접수', 'S', 15, 'mind', false, null, 0);
insert into opportunities (id, cat, stat, title, hot, sub, what, eligibility, apply_where, source, verified, cost, deadline, unlock_dday, started, reward, why, expected_pct, status, img, ord) values ('jeokgeum', '금융', 'money', '장병내일준비적금', false, '정부가 원금 100% 매칭 · 전역일 ~2,000만', '정부가 납입 원금을 100% 얹어주는 군인 전용 적금. 비과세에 기본 이자까지.', '현역병·상근·사회복무 등 (1인, 최대 2계좌)', '은행 앱 (KB·IBK·NH 등) + 나라사랑카드', 'mnd.go.kr · 병무청', '2026.05', '무료', '2027-03-28', null, true, '{"kind":"money","finish":"~2,000만","label":"전역일 예상 ~2,000만 (정부 매칭 포함)","note":"만기(전역일)까지 유지 시"}'::jsonb, '매달 납입만 유지하면 됨. 정부 돈 990만이 공짜로 따라온다.', 70, 'on', 'https://images.unsplash.com/photo-1551288049-bebda4e38f71?w=720&h=420&fit=crop&q=72', 4);
insert into milestones (opp_id, id, title, date_label, ord) values ('jeokgeum', 'm1', '개설', '완료', 0);
insert into subquests (opp_id, id, milestone_id, text, size, xp, stat, default_done, service, ord) values ('jeokgeum', 's1', 'm1', '나라사랑카드 확인', 'S', 15, 'money', true, null, 0);
insert into subquests (opp_id, id, milestone_id, text, size, xp, stat, default_done, service, ord) values ('jeokgeum', 's2', 'm1', '적금 계좌 개설', 'M', 38, 'money', true, '{"name":"KB스타뱅킹","kind":"개설","gov":false}'::jsonb, 1);
insert into subquests (opp_id, id, milestone_id, text, size, xp, stat, default_done, service, ord) values ('jeokgeum', 's3', 'm1', '납입한도 55만 상향', 'S', 15, 'money', true, null, 2);
insert into milestones (opp_id, id, title, date_label, ord) values ('jeokgeum', 'm2', '유지', '매달', 1);
insert into subquests (opp_id, id, milestone_id, text, size, xp, stat, default_done, service, ord) values ('jeokgeum', 's4', 'm2', '이번 달 납입 확인', 'S', 15, 'money', false, null, 0);
insert into milestones (opp_id, id, title, date_label, ord) values ('jeokgeum', 'm3', '만기', '전역일', 2);
insert into subquests (opp_id, id, milestone_id, text, size, xp, stat, default_done, service, ord) values ('jeokgeum', 's5', 'm3', '만기일(전역일) 추적', 'S', 15, 'money', false, null, 0);
insert into opportunities (id, cat, stat, title, hot, sub, what, eligibility, apply_where, source, verified, cost, deadline, unlock_dday, started, reward, why, expected_pct, status, img, ord) values ('cheryeok', '체력', 'body', '여단 체력왕 선발', false, '3km 러닝 + 윗몸 + 팔굽 · 측정 임박', '체력검정 특급은 여러 부대에서 포상휴가로 직결된다.', '소속 부대 체력검정 대상', '부대 체력검정', '군인 휴가규정 · 부대 내규', '2026.05', '무료', '2026-06-19', null, true, '{"kind":"휴가","finish":"+3일","maxDays":3,"label":"포상휴가 3일 (부대 내규)","note":"부대별 상이"}'::jsonb, '전투력 이미 좋다. 충분히 노린다.', 55, 'on', 'https://images.unsplash.com/photo-1552674605-db6ffd4facb5?w=720&h=420&fit=crop&q=72', 5);
insert into milestones (opp_id, id, title, date_label, ord) values ('cheryeok', 'm1', '측정', 'D-9', 0);
insert into subquests (opp_id, id, milestone_id, text, size, xp, stat, default_done, service, ord) values ('cheryeok', 's1', 'm1', '3km 현재 기록 측정', 'M', 38, 'body', true, null, 0);
insert into subquests (opp_id, id, milestone_id, text, size, xp, stat, default_done, service, ord) values ('cheryeok', 's2', 'm1', '윗몸 2분 테스트', 'S', 15, 'body', true, null, 1);
insert into milestones (opp_id, id, title, date_label, ord) values ('cheryeok', 'm2', '훈련', '~D-2', 1);
insert into subquests (opp_id, id, milestone_id, text, size, xp, stat, default_done, service, ord) values ('cheryeok', 's3', 'm2', '인터벌 러닝 (주 4회)', 'M', 38, 'body', false, null, 0);
insert into subquests (opp_id, id, milestone_id, text, size, xp, stat, default_done, service, ord) values ('cheryeok', 's4', 'm2', '팔굽혀펴기 루틴', 'S', 15, 'body', false, null, 1);
insert into milestones (opp_id, id, title, date_label, ord) values ('cheryeok', 'm3', '검정', 'D-day', 2);
insert into subquests (opp_id, id, milestone_id, text, size, xp, stat, default_done, service, ord) values ('cheryeok', 's5', 'm3', '체력검정 응시', 'M', 38, 'body', false, null, 0);
insert into opportunities (id, cat, stat, title, hot, sub, what, eligibility, apply_where, source, verified, cost, deadline, unlock_dday, started, reward, why, expected_pct, status, img, ord) values ('swai', '자격증', 'craft', '장병 SW·AI 역량강화', true, '구름(goorm) × 국방부 · 온라인 무료', '국방부와 구름이 함께 여는 장병 대상 SW·AI 무료 교육.', '현역 장병 (온라인 수강)', 'edu.goorm.io · 국방부 공지', '국방부 · goorm', '2026.05', '무료', '2026-07-08', null, true, '{"kind":"cert","finish":"수료증","label":"SW·AI 수료증 + 포트폴리오","note":"취업 연계"}'::jsonb, '시간 날 때 듣기만 해도 포트폴리오. IT 취업의 첫 줄.', 30, 'on', 'https://images.unsplash.com/photo-1461749280684-dccba630e2f6?w=720&h=420&fit=crop&q=72', 6);
insert into milestones (opp_id, id, title, date_label, ord) values ('swai', 'm1', '입문', '~D-22', 0);
insert into subquests (opp_id, id, milestone_id, text, size, xp, stat, default_done, service, ord) values ('swai', 's1', 'm1', '계정 만들고 과정 등록', 'S', 15, 'craft', true, '{"name":"goorm EDU","kind":"등록","gov":false}'::jsonb, 0);
insert into subquests (opp_id, id, milestone_id, text, size, xp, stat, default_done, service, ord) values ('swai', 's2', 'm1', '1주차 강의 수강', 'M', 38, 'craft', true, null, 1);
insert into subquests (opp_id, id, milestone_id, text, size, xp, stat, default_done, service, ord) values ('swai', 's3', 'm1', '2주차 강의 + 실습', 'M', 38, 'craft', false, null, 2);
insert into milestones (opp_id, id, title, date_label, ord) values ('swai', 'm2', '프로젝트', '~D-8', 1);
insert into subquests (opp_id, id, milestone_id, text, size, xp, stat, default_done, service, ord) values ('swai', 's4', 'm2', '미니 프로젝트 제출', 'L', 90, 'craft', false, null, 0);
insert into milestones (opp_id, id, title, date_label, ord) values ('swai', 'm3', '수료', 'D-28', 2);
insert into subquests (opp_id, id, milestone_id, text, size, xp, stat, default_done, service, ord) values ('swai', 's5', 'm3', '수료 인증 + 포트폴리오 정리', 'S', 15, 'craft', false, null, 0);
insert into opportunities (id, cat, stat, title, hot, sub, what, eligibility, apply_where, source, verified, cost, deadline, unlock_dday, started, reward, why, expected_pct, status, img, ord) values ('cheongnyeon', '금융', 'money', '청년미래적금', true, '2026.06 신설 · 청년 자산형성 매칭', '2026년 6월 출시된 청년 자산형성 적금. 전역 직후(D-90 구간) 가입 자격을 확인한다.', '자격·소득 요건 충족 청년 (전역 후 확인)', '서민금융진흥원 · 은행 앱', '금융위 · 2026.06 시행', '2026.06', '무료', '2026-09-08', 90, false, '{"kind":"money","finish":"+매칭","label":"정부 매칭 6%/12% (요건별)","note":"소득·자격 요건 확인 필수"}'::jsonb, '전역하면 바로 자격 확인. 장병적금 → 청년미래적금으로 끊김 없이.', 0, 'on', 'https://images.unsplash.com/photo-1460925895917-afdab827c52f?w=720&h=420&fit=crop&q=72', 7);
insert into milestones (opp_id, id, title, date_label, ord) values ('cheongnyeon', 'm1', '자격 확인', 'D-90 해금', 0);
insert into subquests (opp_id, id, milestone_id, text, size, xp, stat, default_done, service, ord) values ('cheongnyeon', 's1', 'm1', '소득·연령 요건 셀프 체크', 'S', 15, 'money', false, null, 0);
insert into subquests (opp_id, id, milestone_id, text, size, xp, stat, default_done, service, ord) values ('cheongnyeon', 's2', 'm1', '필요 서류 확인', 'S', 15, 'money', false, null, 1);
insert into milestones (opp_id, id, title, date_label, ord) values ('cheongnyeon', 'm2', '가입', '전역 후', 1);
insert into subquests (opp_id, id, milestone_id, text, size, xp, stat, default_done, service, ord) values ('cheongnyeon', 's3', 'm2', '은행 앱에서 가입', 'M', 38, 'money', false, '{"name":"서민금융진흥원","kind":"가입","gov":true}'::jsonb, 0);
insert into opportunities (id, cat, stat, title, hot, sub, what, eligibility, apply_where, source, verified, cost, deadline, unlock_dday, started, reward, why, expected_pct, status, img, ord) values ('naeil', '교육', 'edge', '국민내일배움카드', false, '훈련비 국비 지원 · 전역 후 즉시', '직업훈련비를 국가가 대주는 카드. 전역 직후(D-90 구간) 발급받아 코딩·디자인 부트캠프를 국비로 듣는다.', '구직자·재직자 등 (전역 후 발급)', 'HRD-Net · 고용센터', '고용노동부 · HRD-Net', '2026.05', '발급 무료 (훈련비 국비)', '2026-09-08', 90, false, '{"kind":"cert","finish":"국비 훈련","label":"최대 수백만원 훈련비 지원","note":"훈련 과정·요건별 상이"}'::jsonb, '전역 = 끝이 아니라 시작. 내일배움카드로 바로 부트캠프.', 0, 'on', 'https://images.unsplash.com/photo-1522071820081-009f0129c71c?w=720&h=420&fit=crop&q=72', 8);
insert into milestones (opp_id, id, title, date_label, ord) values ('naeil', 'm1', '발급', 'D-90 해금', 0);
insert into subquests (opp_id, id, milestone_id, text, size, xp, stat, default_done, service, ord) values ('naeil', 's1', 'm1', 'HRD-Net 가입 + 동영상 교육', 'M', 38, 'edge', false, '{"name":"HRD-Net","kind":"발급","gov":true}'::jsonb, 0);
insert into subquests (opp_id, id, milestone_id, text, size, xp, stat, default_done, service, ord) values ('naeil', 's2', 'm1', '카드 신청', 'S', 15, 'edge', false, null, 1);
insert into milestones (opp_id, id, title, date_label, ord) values ('naeil', 'm2', '훈련 선택', '전역 후', 1);
insert into subquests (opp_id, id, milestone_id, text, size, xp, stat, default_done, service, ord) values ('naeil', 's3', 'm2', '관심 과정 3개 비교', 'M', 38, 'craft', false, null, 0);
insert into subquests (opp_id, id, milestone_id, text, size, xp, stat, default_done, service, ord) values ('naeil', 's4', 'm2', '수강 신청', 'M', 38, 'edge', false, null, 1);
insert into opportunities (id, cat, stat, title, hot, sub, what, eligibility, apply_where, source, verified, cost, deadline, unlock_dday, started, reward, why, expected_pct, status, img, ord) values ('defai', '대회', 'edge', '국방 AI 아이디어 경연', false, '전군 대상 · AI 활용 아이디어', '국방 분야 AI 활용 아이디어를 겨루는 경연. 수상하면 포상휴가에 더해 군 SW·AI 교육과 이어진다.', '전 군 공통 (개인·팀)', '국방부 공지 · 접수처', '국방부', '2026.05', '무료', '2026-08-01', null, false, '{"kind":"휴가","finish":"+2~4일","maxDays":4,"label":"수상 포상휴가 2~4일 (부대 내규)","note":"부대 내규"}'::jsonb, 'SW·AI 교육에서 배운 걸 바로 아이디어로. 입상하면 휴가.', 0, 'on', 'https://images.unsplash.com/photo-1555066931-4365d14bab8c?w=720&h=420&fit=crop&q=72', 9);
insert into milestones (opp_id, id, title, date_label, ord) values ('defai', 'm1', '아이디어', '~D-40', 0);
insert into subquests (opp_id, id, milestone_id, text, size, xp, stat, default_done, service, ord) values ('defai', 's1', 'm1', '국방 문제 1개 정하기', 'S', 15, 'edge', false, null, 0);
insert into subquests (opp_id, id, milestone_id, text, size, xp, stat, default_done, service, ord) values ('defai', 's2', 'm1', 'AI 적용 방식 스케치', 'M', 38, 'edge', false, null, 1);
insert into milestones (opp_id, id, title, date_label, ord) values ('defai', 'm2', '제출', 'D-52', 1);
insert into subquests (opp_id, id, milestone_id, text, size, xp, stat, default_done, service, ord) values ('defai', 's3', 'm2', '제안서 한 장 작성', 'L', 90, 'edge', false, null, 0);
insert into subquests (opp_id, id, milestone_id, text, size, xp, stat, default_done, service, ord) values ('defai', 's4', 'm2', '접수', 'S', 15, 'edge', false, null, 1);

-- benefits
insert into benefits (id, title, icon, tone, value, where_, branches, opp_id, headline, ord) values ('b1', '장병내일준비적금', 'wallet', 'positive', '원금 100% 정부 매칭 → 전역일 ~2,000만', '은행 앱 + 나라사랑카드', '["전군"]'::jsonb, 'jeokgeum', true, 0);
insert into benefits (id, title, icon, tone, value, where_, branches, opp_id, headline, ord) values ('b2', '자기개발비', 'coins', 'positive', '응시료·도서·강좌 80% 환급 · 연 최대 12만', '나라사랑포털 → 자기개발', '["전군"]'::jsonb, 'toeic', false, 1);
insert into benefits (id, title, icon, tone, value, where_, branches, opp_id, headline, ord) values ('b3', '국가기술자격 무료검정', 'craft', 'accent', '~82개 종목 무료 응시 (위탁검정)', '국방부 위탁검정', '["전군"]'::jsonb, 'jeongcheo', false, 2);
insert into benefits (id, title, icon, tone, value, where_, branches, opp_id, headline, ord) values ('b4', '대학 원격강좌 학점', 'graduation', 'accent', '학기당 6 / 연 12학점, 등록금 80% 환급', '나라사랑포털 → 군 e-러닝', '["전군"]'::jsonb, null, false, 3);
insert into benefits (id, title, icon, tone, value, where_, branches, opp_id, headline, ord) values ('b5', '군 e-러닝 강좌', 'book', 'accent', '8,000+ 무료/할인 (어학·IT·자격증) + 전화영어', '나라사랑포털', '["전군"]'::jsonb, null, false, 4);
insert into benefits (id, title, icon, tone, value, where_, branches, opp_id, headline, ord) values ('b6', '어학 응시료 할인', 'graduation', 'neutral', 'TOEIC 등 제휴 할인', '나라사랑포털 제휴', '["전군"]'::jsonb, 'toeic', false, 5);
insert into benefits (id, title, icon, tone, value, where_, branches, opp_id, headline, ord) values ('b7', '나라사랑카드 혜택', 'wallet', 'neutral', '제휴 할인·포인트 적립', '카드 혜택', '["전군"]'::jsonb, null, false, 6);
insert into benefits (id, title, icon, tone, value, where_, branches, opp_id, headline, ord) values ('b8', '해군 함정근무 가산점', 'shield', 'neutral', '함정 근무일 비례 자기개발 가산', '해군 인사근무', '["해군"]'::jsonb, null, false, 7);
insert into benefits (id, title, icon, tone, value, where_, branches, opp_id, headline, ord) values ('b9', '공군 어학특기 우대', 'graduation', 'neutral', '어학 성적 보직·교육 우대', '공군 인사', '["공군"]'::jsonb, null, false, 8);
insert into benefits (id, title, icon, tone, value, where_, branches, opp_id, headline, ord) values ('b10', '해병대 특수전 수당', 'medal', 'neutral', '특수 임무 수당·포상휴가 연계', '해병대 인사', '["해병대"]'::jsonb, null, false, 9);
insert into benefits (id, title, icon, tone, value, where_, branches, opp_id, headline, ord) values ('b11', '제대군인·청년 지원', 'briefcase', 'neutral', '취업·정책 연계 (전역 후)', '셀프 필터 → 포털', '["전군"]'::jsonb, null, false, 10);

-- titles (req drives automatic awarding)
insert into titles (name, descr, rarity, legendary, req, ord) values ('불굴', '14일 연속 출석', '보유', false, '{"kind":"streak","val":14}'::jsonb, 0);
insert into titles (name, descr, rarity, legendary, req, ord) values ('철벽', '전투력 60 돌파', '보유', false, '{"kind":"stat","stat":"body","val":60}'::jsonb, 1);
insert into titles (name, descr, rarity, legendary, req, ord) values ('숙련의 증표', '숙련도 70 돌파', '보유', false, '{"kind":"stat","stat":"craft","val":70}'::jsonb, 2);
insert into titles (name, descr, rarity, legendary, req, ord) values ('새벽의 독서가', '정신력 60 돌파', '보유', false, '{"kind":"stat","stat":"mind","val":60}'::jsonb, 3);
insert into titles (name, descr, rarity, legendary, req, ord) values ('분대의 기둥', '지휘력 55 돌파', '잠김', false, '{"kind":"stat","stat":"people","val":55}'::jsonb, 4);
insert into titles (name, descr, rarity, legendary, req, ord) values ('심연의 담력', '담력 60 돌파 (최고 난도)', '잠김', true, '{"kind":"stat","stat":"edge","val":60}'::jsonb, 5);

-- quest pool (check-in regenerates "오늘 밤의 3" from these by energy)
insert into quest_pool (stat, txt, min, xp, hard) values ('body', '팔굽혀펴기 50개', 5, 3, false);
insert into quest_pool (stat, txt, min, xp, hard) values ('body', '플랭크 2분', 3, 2, false);
insert into quest_pool (stat, txt, min, xp, hard) values ('body', '3km 러닝', 20, 5, true);
insert into quest_pool (stat, txt, min, xp, hard) values ('mind', '책 10페이지 읽기', 10, 2, false);
insert into quest_pool (stat, txt, min, xp, hard) values ('mind', '기출 한 문제 풀기', 5, 2, false);
insert into quest_pool (stat, txt, min, xp, hard) values ('mind', '오답 노트 30분 정리', 30, 5, true);
insert into quest_pool (stat, txt, min, xp, hard) values ('craft', '강의 한 챕터 듣기', 15, 3, false);
insert into quest_pool (stat, txt, min, xp, hard) values ('craft', '코드 한 줄 커밋하기', 10, 3, false);
insert into quest_pool (stat, txt, min, xp, hard) values ('money', '이번 달 납입 확인', 2, 2, false);
insert into quest_pool (stat, txt, min, xp, hard) values ('money', '지출 내역 5분 점검', 5, 2, false);
insert into quest_pool (stat, txt, min, xp, hard) values ('people', '선임/후임에게 안부 묻기', 3, 2, false);
insert into quest_pool (stat, txt, min, xp, hard) values ('people', '분대 브리핑 자원하기', 10, 4, true);
insert into quest_pool (stat, txt, min, xp, hard) values ('edge', '선임에게 자격증 추천받기', 3, 4, true);
insert into quest_pool (stat, txt, min, xp, hard) values ('edge', '새로운 기회 한 개 살펴보기', 5, 2, false);
